sample,type,pos,ref,alt,len,seq
MT499215.1,SNP,1,C,A,1,
MT510698.1,SNP,1,G,A,1,
MT576584.1,SNP,1,T,A,1,
MT611442.1,SNP,1,G,A,1,
MT624733.1,SNP,1,T,A,1,
MT800016.1,SNP,1,T,A,1,
MT800035.1,SNP,1,T,A,1,
MT955173.1,SNP,1,C,A,1,
MT990449.1,SNP,1,C,A,1,
MT994707.1,SNP,1,T,A,1,
MW295556.1,SNP,1,G,A,1,
MW295643.1,SNP,1,G,A,1,
MW362553.1,SNP,1,T,A,1,
MW365356.1,SNP,1,G,A,1,
MW365358.1,SNP,1,G,A,1,
MW428253.1,SNP,1,G,A,1,
MW452543.1,SNP,1,T,A,1,
MW456917.1,SNP,1,G,A,1,
MW662143.1,SNP,1,T,A,1,
MW662145.1,SNP,1,T,A,1,
MZ054863.1,SNP,1,C,A,1,
MZ054875.1,SNP,1,C,A,1,
MZ054879.1,SNP,1,C,A,1,
MZ149969.1,SNP,1,T,A,1,
MZ149970.1,SNP,1,T,A,1,
MZ149978.1,SNP,1,C,A,1,
MZ150530.1,SNP,1,C,A,1,
MZ150535.1,SNP,1,T,A,1,
MZ150547.1,SNP,1,C,A,1,
MZ215671.1,SNP,1,C,A,1,
MZ350123.1,SNP,1,C,A,1,
MZ350130.1,SNP,1,C,A,1,
MZ436884.1,SNP,1,C,A,1,
MZ436899.1,SNP,1,C,A,1,
OL454532.1,SNP,1,T,A,1,
OL454542.1,SNP,1,T,A,1,
OL454545.1,SNP,1,T,A,1,
OL454559.1,SNP,1,T,A,1,
OL454576.1,SNP,1,T,A,1,
OL454587.1,SNP,1,T,A,1,
OL454605.1,SNP,1,T,A,1,
OL454611.1,SNP,1,T,A,1,
OL454615.1,SNP,1,T,A,1,
OL454619.1,SNP,1,T,A,1,
OL454620.1,SNP,1,T,A,1,
OL454622.1,SNP,1,T,A,1,
OL454635.1,SNP,1,T,A,1,
OL691390.1,SNP,1,T,A,1,
OL691391.1,SNP,1,T,A,1,
OL691412.1,SNP,1,T,A,1,
OL691418.1,SNP,1,T,A,1,
OL691440.1,SNP,1,T,A,1,
OL691488.1,SNP,1,T,A,1,
OL691492.1,SNP,1,T,A,1,
OL691513.1,SNP,1,T,A,1,
OL739801.1,SNP,1,T,A,1,
OL739816.1,SNP,1,T,A,1,
OM635026.1,SNP,1,T,A,1,
OM635027.1,SNP,1,T,A,1,
OM635029.1,SNP,1,T,A,1,
OM635035.1,SNP,1,T,A,1,
OM635038.1,SNP,1,T,A,1,
OM635040.1,SNP,1,T,A,1,
OM635046.1,SNP,1,T,A,1,
OM635069.1,SNP,1,T,A,1,
OM635116.1,SNP,1,T,A,1,
OM635125.1,SNP,1,T,A,1,
OM635130.1,SNP,1,T,A,1,
OM635149.1,SNP,1,T,A,1,
OM635159.1,SNP,1,T,A,1,
OM635161.1,SNP,1,T,A,1,
OM635168.1,SNP,1,T,A,1,
OM720789.1,SNP,1,C,A,1,
OM720790.1,SNP,1,C,A,1,
OM720791.1,SNP,1,T,A,1,
OM720828.1,SNP,1,C,A,1,
OM720835.1,SNP,1,G,A,1,
OM720844.1,SNP,1,C,A,1,
OM720974.1,SNP,1,C,A,1,
OM721003.1,SNP,1,C,A,1,
OM721096.1,SNP,1,T,A,1,
OM725071.1,SNP,1,T,A,1,
OM725073.1,SNP,1,T,A,1,
OM725094.1,SNP,1,T,A,1,
OM725096.1,SNP,1,T,A,1,
OM725101.1,SNP,1,T,A,1,
OM725108.1,SNP,1,T,A,1,
OM725220.1,SNP,1,T,A,1,
OM725344.1,SNP,1,C,A,1,
OM725363.1,SNP,1,C,A,1,
OM725434.1,SNP,1,C,A,1,
OM725472.1,SNP,1,C,A,1,
OM725507.1,SNP,1,G,A,1,
OM725513.1,SNP,1,C,A,1,
OM725548.1,SNP,1,C,A,1,
OM725616.1,SNP,1,C,A,1,
OM725617.1,SNP,1,C,A,1,
OM725631.1,SNP,1,C,A,1,
OM725648.1,SNP,1,C,A,1,
OM732369.1,SNP,1,T,A,1,
OM732394.1,SNP,1,T,A,1,
OM739033.1,SNP,1,G,A,1,
OM739037.1,SNP,1,C,A,1,
OM739098.1,SNP,1,G,A,1,
OM739129.1,SNP,1,G,A,1,
OM739492.1,SNP,1,C,A,1,
OM765458.1,SNP,1,C,A,1,
OM765549.1,SNP,1,C,A,1,
OM765556.1,SNP,1,T,A,1,
OM765567.1,SNP,1,T,A,1,
OM765571.1,SNP,1,G,A,1,
OM765585.1,SNP,1,C,A,1,
OM765816.1,SNP,1,T,A,1,
OM765945.1,SNP,1,T,A,1,
OM765981.1,SNP,1,T,A,1,
OM766040.1,SNP,1,C,A,1,
OM766071.1,SNP,1,T,A,1,
OM766122.1,SNP,1,T,A,1,
OM773329.1,SNP,1,G,A,1,
OM773345.1,SNP,1,G,A,1,
OM773350.1,SNP,1,T,A,1,
OM857866.1,SNP,1,T,A,1,
ON055778.1,SNP,1,T,A,1,
ON055794.1,SNP,1,T,A,1,
ON055808.1,SNP,1,T,A,1,
ON078366.1,SNP,1,T,A,1,
ON078409.1,SNP,1,T,A,1,
ON078412.1,SNP,1,T,A,1,
ON078448.1,SNP,1,T,A,1,
ON078450.1,SNP,1,T,A,1,
ON078467.1,SNP,1,T,A,1,
ON078482.1,SNP,1,T,A,1,
ON099580.1,SNP,1,T,A,1,
ON099585.1,SNP,1,T,A,1,
ON099590.1,SNP,1,T,A,1,
ON099593.1,SNP,1,T,A,1,
ON099594.1,SNP,1,T,A,1,
ON099597.1,SNP,1,T,A,1,
ON099605.1,SNP,1,T,A,1,
ON099615.1,SNP,1,T,A,1,
ON099621.1,SNP,1,T,A,1,
ON099624.1,SNP,1,T,A,1,
ON099638.1,SNP,1,T,A,1,
ON099644.1,SNP,1,T,A,1,
ON099654.1,SNP,1,T,A,1,
ON113309.1,SNP,1,T,A,1,
ON116607.1,SNP,1,T,A,1,
ON198908.1,SNP,1,T,A,1,
ON287357.1,SNP,1,T,A,1,
ON322586.1,SNP,1,T,A,1,
ON322653.1,SNP,1,T,A,1,
ON322654.1,SNP,1,T,A,1,
ON322684.1,SNP,1,T,A,1,
ON322697.1,SNP,1,T,A,1,
ON602793.1,SNP,1,T,A,1,
ON602839.1,SNP,1,T,A,1,
ON602948.1,SNP,1,T,A,1,
ON602965.1,SNP,1,T,A,1,
ON603020.1,SNP,1,T,A,1,
ON603063.1,SNP,1,T,A,1,
ON603130.1,SNP,1,T,A,1,
ON603282.1,SNP,1,T,A,1,
ON603288.1,SNP,1,T,A,1,
ON647480.1,SNP,1,T,A,1,
ON647487.1,SNP,1,T,A,1,
ON647563.1,SNP,1,T,A,1,
ON647598.1,SNP,1,T,A,1,
ON647602.1,SNP,1,T,A,1,
ON647621.1,SNP,1,T,A,1,
ON871899.1,SNP,1,T,A,1,
ON871922.1,SNP,1,T,A,1,
ON871953.1,SNP,1,T,A,1,
ON871967.1,SNP,1,T,A,1,
ON871972.1,SNP,1,T,A,1,
ON951982.1,SNP,1,T,A,1,
ON951987.1,SNP,1,T,A,1,
OP053400.1,SNP,1,T,A,1,
OP053444.1,SNP,1,T,A,1,
OP053449.1,SNP,1,T,A,1,
OP053450.1,SNP,1,T,A,1,
OP053456.1,SNP,1,T,A,1,
OP053533.1,SNP,1,T,A,1,
OP053534.1,SNP,1,T,A,1,
OP053595.1,SNP,1,T,A,1,
OP090658.1,SNP,1,C,A,1,
OP093373.1,SNP,1,C,A,1,
OP508792.1,SNP,1,T,A,1,
OP508796.1,SNP,1,T,A,1,
OP508798.1,SNP,1,T,A,1,
OP508799.1,SNP,1,T,A,1,
OP508807.1,SNP,1,T,A,1,
OP508810.1,SNP,1,T,A,1,
OP508811.1,SNP,1,T,A,1,
OP508813.1,SNP,1,T,A,1,
OP508817.1,SNP,1,T,A,1,
OP508823.1,SNP,1,T,A,1,
OP508850.1,SNP,1,T,A,1,
OP508859.1,SNP,1,T,A,1,
OP508873.1,SNP,1,T,A,1,
OP508875.1,SNP,1,T,A,1,
OP508876.1,SNP,1,T,A,1,
OP508882.1,SNP,1,T,A,1,
OP508887.1,SNP,1,T,A,1,
OP508896.1,SNP,1,T,A,1,
OP508899.1,SNP,1,T,A,1,
OP508905.1,SNP,1,T,A,1,
OP522614.1,SNP,1,T,A,1,
OP809726.1,SNP,1,T,A,1,
OP809734.1,SNP,1,T,A,1,
OP809735.1,SNP,1,T,A,1,
OP809738.1,SNP,1,T,A,1,
OP809744.1,SNP,1,T,A,1,
OP809748.1,SNP,1,T,A,1,
OP809750.1,SNP,1,T,A,1,
OP809753.1,SNP,1,T,A,1,
OP809762.1,SNP,1,T,A,1,
OP809763.1,SNP,1,T,A,1,
OP809764.1,SNP,1,T,A,1,
OP809777.1,SNP,1,T,A,1,
OP862966.1,SNP,1,T,A,1,
OP883605.1,SNP,1,G,A,1,
OP883793.1,SNP,1,T,A,1,
OP890757.1,SNP,1,T,A,1,
OP890803.1,SNP,1,C,A,1,
OP963521.1,SNP,1,C,A,1,
OP963531.1,SNP,1,T,A,1,
OP963534.1,SNP,1,G,A,1,
OP963542.1,SNP,1,T,A,1,
OQ050299.1,SNP,1,T,A,1,
OQ050300.1,SNP,1,G,A,1,
OQ050325.1,SNP,1,G,A,1,
OQ050379.1,SNP,1,G,A,1,
OQ050408.1,SNP,1,G,A,1,
OQ050409.1,SNP,1,T,A,1,
OQ050416.1,SNP,1,T,A,1,
OQ050428.1,SNP,1,T,A,1,
OQ050435.1,SNP,1,G,A,1,
OQ050461.1,SNP,1,G,A,1,
OQ050463.1,SNP,1,G,A,1,
OQ050466.1,SNP,1,G,A,1,
OQ050483.1,SNP,1,T,A,1,
OQ050499.1,SNP,1,C,A,1,
OQ050530.1,SNP,1,G,A,1,
OQ050534.1,SNP,1,G,A,1,
OQ050543.1,SNP,1,C,A,1,
OQ050546.1,SNP,1,G,A,1,
OQ050581.1,SNP,1,C,A,1,
OQ050647.1,SNP,1,G,A,1,
OQ050711.1,SNP,1,C,A,1,
OQ050742.1,SNP,1,T,A,1,
OQ050876.1,SNP,1,T,A,1,
OQ050881.1,SNP,1,T,A,1,
OQ050962.1,SNP,1,G,A,1,
OQ051032.1,SNP,1,T,A,1,
OQ051033.1,SNP,1,T,A,1,
OQ051043.1,SNP,1,T,A,1,
OQ051045.1,SNP,1,T,A,1,
OQ051049.1,SNP,1,C,A,1,
OQ051057.1,SNP,1,G,A,1,
OQ051074.1,SNP,1,T,A,1,
OQ051098.1,SNP,1,C,A,1,
OQ051118.1,SNP,1,T,A,1,
OQ051129.1,SNP,1,T,A,1,
OQ051160.1,SNP,1,T,A,1,
OQ051220.1,SNP,1,T,A,1,
OQ051228.1,SNP,1,T,A,1,
OQ051242.1,SNP,1,T,A,1,
OQ051262.1,SNP,1,T,A,1,
OQ051326.1,SNP,1,T,A,1,
OQ051329.1,SNP,1,T,A,1,
OQ051334.1,SNP,1,T,A,1,
OQ051337.1,SNP,1,T,A,1,
OQ051425.1,SNP,1,T,A,1,
OQ051442.1,SNP,1,T,A,1,
OQ051450.1,SNP,1,T,A,1,
OQ051593.1,SNP,1,C,A,1,
OQ051890.1,SNP,1,C,A,1,
OQ051898.1,SNP,1,C,A,1,
OQ051918.1,SNP,1,C,A,1,
OQ051962.1,SNP,1,C,A,1,
OQ052063.1,SNP,1,C,A,1,
OQ052092.1,SNP,1,C,A,1,
OQ052114.1,SNP,1,C,A,1,
OQ052122.1,SNP,1,C,A,1,
OQ052133.1,SNP,1,C,A,1,
OQ052657.1,SNP,1,C,A,1,
OQ052663.1,SNP,1,C,A,1,
OQ052778.1,SNP,1,C,A,1,
OQ061280.1,SNP,1,C,A,1,
OQ061283.1,SNP,1,C,A,1,
OQ061284.1,SNP,1,C,A,1,
OQ061294.1,SNP,1,C,A,1,
OQ061304.1,SNP,1,C,A,1,
OQ061307.1,SNP,1,C,A,1,
OQ130516.1,SNP,1,C,A,1,
OQ130522.1,SNP,1,C,A,1,
OQ130525.1,SNP,1,C,A,1,
OQ341818.1,SNP,1,T,A,1,
OQ341918.1,SNP,1,T,A,1,
OQ352667.1,SNP,1,C,A,1,
OQ352720.1,SNP,1,C,A,1,
OQ352750.1,SNP,1,C,A,1,
OQ352771.1,SNP,1,C,A,1,
OQ521305.1,SNP,1,C,A,1,
OQ521352.1,SNP,1,T,A,1,
OQ521363.1,SNP,1,T,A,1,
OQ521386.1,SNP,1,T,A,1,
OQ521404.1,SNP,1,T,A,1,
OQ691420.1,SNP,1,T,A,1,
OQ691507.1,SNP,1,T,A,1,
OQ691515.1,SNP,1,T,A,1,
OQ691538.1,SNP,1,T,A,1,
OQ924196.1,SNP,1,T,A,1,
OQ924197.1,SNP,1,T,A,1,
OQ924202.1,SNP,1,T,A,1,
OQ924204.1,SNP,1,T,A,1,
OQ924211.1,SNP,1,T,A,1,
OQ924214.1,SNP,1,T,A,1,
OQ924220.1,SNP,1,T,A,1,
OQ924222.1,SNP,1,T,A,1,
OQ924230.1,SNP,1,T,A,1,
OQ924233.1,SNP,1,T,A,1,
OQ924237.1,SNP,1,T,A,1,
OQ924240.1,SNP,1,T,A,1,
OQ924245.1,SNP,1,T,A,1,
OQ924248.1,SNP,1,T,A,1,
OQ924252.1,SNP,1,T,A,1,
OQ924260.1,SNP,1,T,A,1,
OQ924263.1,SNP,1,T,A,1,
OQ924270.1,SNP,1,T,A,1,
OQ924280.1,SNP,1,T,A,1,
OQ989756.1,SNP,1,T,A,1,
OQ989757.1,SNP,1,T,A,1,
OQ989763.1,SNP,1,T,A,1,
OQ989772.1,SNP,1,T,A,1,
OR099105.1,SNP,1,C,A,1,
OR099113.1,SNP,1,T,A,1,
OR099117.1,SNP,1,T,A,1,
OR099139.1,SNP,1,T,A,1,
OR342294.1,SNP,1,C,A,1,
OR353182.1,SNP,1,G,A,1,
PP521934.1,SNP,1,T,A,1,
PP521946.1,SNP,1,T,A,1,
PP521983.1,SNP,1,T,A,1,
PP522074.1,SNP,1,T,A,1,
PP522078.1,SNP,1,G,A,1,
PP522080.1,SNP,1,C,A,1,
PP522088.1,SNP,1,G,A,1,
PP522094.1,SNP,1,T,A,1,
PP522112.1,SNP,1,T,A,1,
PP522118.1,SNP,1,T,A,1,
PP522123.1,SNP,1,C,A,1,
PP522127.1,SNP,1,T,A,1,
PP522131.1,SNP,1,T,A,1,
PP522140.1,SNP,1,C,A,1,
PP522141.1,SNP,1,T,A,1,
PP522148.1,SNP,1,T,A,1,
PP522151.1,SNP,1,G,A,1,
PP522162.1,SNP,1,T,A,1,
PP522167.1,SNP,1,T,A,1,
PP522174.1,SNP,1,T,A,1,
PP522180.1,SNP,1,T,A,1,
PP522186.1,SNP,1,T,A,1,
PP522192.1,SNP,1,T,A,1,
PP522196.1,SNP,1,T,A,1,
PP522198.1,SNP,1,T,A,1,
PP522205.1,SNP,1,G,A,1,
PP522207.1,SNP,1,T,A,1,
PP522212.1,SNP,1,T,A,1,
PP522214.1,SNP,1,T,A,1,
PP522222.1,SNP,1,T,A,1,
PP522241.1,SNP,1,T,A,1,
PP522247.1,SNP,1,T,A,1,
PP522248.1,SNP,1,T,A,1,
PP522290.1,SNP,1,T,A,1,
PP522301.1,SNP,1,G,A,1,
PP522331.1,SNP,1,G,A,1,
PP522341.1,SNP,1,T,A,1,
PP522361.1,SNP,1,T,A,1,
PP522369.1,SNP,1,G,A,1,
PP522371.1,SNP,1,T,A,1,
PP522386.1,SNP,1,C,A,1,
PP522392.1,SNP,1,T,A,1,
PP522421.1,SNP,1,T,A,1,
PP522431.1,SNP,1,T,A,1,
PP522444.1,SNP,1,T,A,1,
PP522446.1,SNP,1,T,A,1,
PP522451.1,SNP,1,T,A,1,
PP522454.1,SNP,1,T,A,1,
PP522457.1,SNP,1,T,A,1,
PP522466.1,SNP,1,T,A,1,
PP522472.1,SNP,1,T,A,1,
PQ140547.1,SNP,1,T,A,1,
